,No.,Ticker,Beta,ATR,SMA20,SMA50,SMA200,52W High,52W Low,RSI,Price,Change,from Open,Gap,Volume
0,1,LC,1.11,0.45,-11.24%,-20.98%,-53.12%,-69.58%,2.66%,39.71,5.02,-0.99%,-2.33%,1.38%,"2,758,111"
1,2,LLNW,0.96,0.31,0.02%,-3.93%,12.46%,-26.38%,134.09%,47.50,5.15,0.98%,0.59%,0.39%,"2,018,332"
2,3,ITUB,0.88,0.30,7.93%,19.45%,-23.26%,-45.15%,51.44%,59.77,5.27,3.54%,0.57%,2.95%,"39,647,445"
3,4,FBP,1.48,0.41,-6.06%,-1.20%,-34.76%,-51.69%,55.14%,47.23,5.43,-2.16%,-0.91%,-1.26%,"3,580,299"
4,5,CMO,1.32,0.34,0.30%,7.69%,-18.91%,-40.86%,177.66%,51.97,5.47,-3.36%,-4.20%,0.88%,"1,385,604"
5,6,PLUG,1.15,0.37,15.43%,23.40%,48.99%,-9.42%,194.62%,61.70,5.48,1.67%,1.29%,0.37%,"14,963,558"
6,7,TV,1.15,0.42,-5.60%,2.48%,-36.53%,-54.54%,23.23%,48.16,5.73,3.62%,1.60%,1.99%,"1,602,740"
7,8,BSBR,1.00,0.36,3.71%,15.29%,-33.63%,-54.76%,55.83%,55.23,5.75,-0.17%,-3.04%,2.95%,"2,517,188"
8,9,INFN,0.95,0.40,15.98%,10.45%,-1.59%,-28.14%,114.29%,61.31,6.00,1.10%,-3.23%,4.47%,"5,479,841"
9,10,F,1.28,0.40,-1.47%,12.04%,-17.83%,-41.00%,57.32%,52.48,6.23,-1.58%,-5.89%,4.58%,"125,435,512"
10,11,CERS,1.30,0.41,3.95%,11.04%,31.31%,-7.74%,133.21%,56.23,6.32,2.43%,1.12%,1.30%,"2,790,582"
11,12,KGC,1.01,0.36,-0.98%,-3.01%,23.34%,-16.56%,135.29%,47.82,6.40,2.89%,1.11%,1.77%,"19,416,890"
12,13,RPAI,1.30,0.58,-1.36%,13.93%,-36.89%,-54.76%,125.44%,52.01,6.47,-4.99%,-5.13%,0.15%,"6,195,650"
13,14,DVAX,1.18,0.71,8.73%,36.53%,34.97%,-19.52%,263.06%,59.13,6.53,6.61%,1.32%,5.22%,"10,665,375"
14,15,RWT,1.16,0.69,3.78%,37.14%,-48.14%,-63.30%,208.88%,55.41,6.61,-5.84%,-5.57%,-0.28%,"5,003,929"
15,16,NLY,1.08,0.33,0.35%,6.48%,-17.87%,-36.29%,90.60%,51.84,6.69,-3.88%,-4.97%,1.15%,"37,713,417"
16,17,RPT,1.26,0.64,-6.62%,4.58%,-41.36%,-55.80%,45.40%,48.26,6.71,-5.23%,-6.02%,0.85%,"2,299,356"
17,18,CNHI,1.47,0.37,-0.39%,7.17%,-24.56%,-43.54%,33.79%,50.86,6.77,-3.29%,-3.70%,0.43%,"2,786,367"
18,19,VER,1.05,0.46,7.68%,22.43%,-16.30%,-33.40%,90.72%,59.12,6.78,-2.87%,-4.10%,1.29%,"52,793,704"
19,20,ESRT,0.73,0.53,-7.32%,-12.06%,-41.93%,-57.08%,5.87%,42.93,6.85,-1.01%,-2.84%,1.88%,"6,265,009"
20,21,GOL,0.88,0.84,8.58%,37.00%,-43.10%,-69.99%,277.84%,55.04,6.99,1.01%,-2.24%,3.32%,"2,006,293"
21,22,MDRX,0.98,0.46,6.77%,10.76%,-17.56%,-40.77%,56.14%,57.85,7.12,3.49%,1.86%,1.60%,"31,341,363"
22,23,GE,0.94,0.47,-1.13%,6.15%,-23.62%,-46.08%,30.47%,50.95,7.15,-1.79%,-3.90%,2.20%,"88,475,101"
23,24,ZIXI,1.39,0.46,4.78%,17.00%,8.25%,-31.49%,153.52%,59.36,7.20,3.45%,2.13%,1.29%,"1,865,831"
24,25,SITC,1.33,0.70,2.51%,21.81%,-32.41%,-52.30%,110.00%,54.54,7.56,-4.42%,-4.06%,-0.38%,"3,355,865"
25,26,FRO,0.53,0.49,-9.22%,-12.36%,-20.80%,-42.99%,24.90%,39.69,7.60,-3.43%,-2.94%,-0.51%,"2,923,114"
26,27,LGF-A,1.48,0.48,-6.04%,0.29%,-12.89%,-43.37%,81.82%,47.29,7.60,0.13%,-2.06%,2.24%,"1,112,681"
27,28,FNB,1.34,0.57,-4.03%,0.18%,-26.36%,-41.07%,50.89%,48.71,7.62,-1.30%,-2.68%,1.42%,"6,620,637"
28,29,SLM,1.41,0.38,-2.76%,0.62%,-12.13%,-37.82%,36.79%,48.52,7.66,-0.39%,-1.67%,1.30%,"16,723,542"
29,30,CRBP,1.43,0.54,4.43%,14.33%,36.28%,-11.32%,133.43%,59.19,7.68,-3.64%,-4.60%,1.00%,"4,647,162"
30,31,VLY,1.30,0.50,-5.57%,0.80%,-20.61%,-35.50%,30.50%,47.94,7.83,-0.76%,-2.25%,1.52%,"4,712,485"
31,32,PGRE,1.04,0.54,-5.78%,-7.89%,-33.06%,-47.63%,22.43%,45.53,7.86,-2.96%,-3.68%,0.74%,"6,466,439"
32,33,CNXM,1.10,0.58,-0.88%,-3.82%,-34.92%,-53.25%,52.31%,43.83,7.92,-1.12%,-3.88%,2.87%,"1,266,440"
33,34,GLNG,0.64,0.75,0.58%,16.17%,-25.48%,-57.45%,77.97%,52.91,8.08,-3.12%,-5.61%,2.64%,"1,299,583"
34,35,ISBC,1.15,0.54,-7.46%,-4.11%,-22.39%,-35.60%,30.03%,45.02,8.20,-1.56%,-2.90%,1.38%,"2,815,169"
35,36,NG,0.56,0.67,-8.48%,-20.42%,0.57%,-34.84%,80.00%,39.50,8.37,4.76%,4.62%,0.13%,"5,460,216"
36,37,BVN,0.91,0.58,3.02%,7.93%,-27.11%,-51.54%,68.95%,54.18,8.65,2.98%,0.35%,2.62%,"4,579,434"
37,38,RESI,0.53,0.52,8.65%,-4.14%,-21.72%,-34.86%,43.93%,51.71,8.65,4.59%,3.47%,1.09%,"1,356,735"
38,39,SHO,1.11,0.63,-7.61%,-1.26%,-26.04%,-39.94%,51.13%,45.16,8.69,-0.46%,-1.81%,1.37%,"9,696,143"
39,40,ARR,1.03,0.61,3.13%,7.36%,-38.60%,-57.49%,81.62%,53.55,8.99,-1.21%,-1.96%,0.77%,"3,106,922"
40,41,UNIT,0.98,0.52,4.24%,21.73%,20.88%,-19.48%,86.21%,60.12,9.05,3.08%,1.80%,1.25%,"4,655,965"
41,42,CVA,1.25,0.53,-3.23%,8.80%,-29.03%,-49.57%,40.79%,50.96,9.25,-2.53%,-3.75%,1.26%,"1,261,040"
42,43,QRTEA,1.33,0.51,5.50%,14.50%,9.28%,-36.75%,207.31%,61.24,9.25,-1.60%,-2.73%,1.17%,"2,918,982"
43,44,GLUU,0.88,0.55,1.06%,7.98%,40.74%,-13.15%,133.92%,53.74,9.31,3.44%,2.76%,0.67%,"6,875,910"
44,45,UAA,1.16,0.73,-2.82%,-0.61%,-39.52%,-65.69%,33.01%,48.23,9.51,-2.76%,-5.18%,2.56%,"8,730,856"
45,46,XHR,1.09,1.06,-8.81%,1.93%,-42.00%,-57.26%,55.74%,46.96,9.57,-6.18%,-7.63%,1.57%,"2,937,129"
46,47,IRWD,1.42,0.68,-5.57%,-6.70%,-11.63%,-31.84%,21.49%,44.99,9.61,-3.71%,-4.19%,0.50%,"5,502,455"
47,48,VSLR,1.27,0.77,12.70%,38.67%,31.18%,-24.48%,209.46%,61.98,9.81,-1.31%,-1.90%,0.60%,"2,736,982"
48,49,HPE,1.34,0.53,-3.56%,-0.63%,-26.10%,-44.17%,32.17%,47.64,9.82,-3.16%,-5.03%,1.97%,"26,726,347"
49,50,ARI,1.24,0.77,2.33%,15.29%,-33.85%,-50.25%,138.59%,54.59,9.83,-2.19%,-2.58%,0.40%,"3,021,753"
50,51,CXW,1.23,0.94,-20.87%,-17.19%,-32.57%,-59.14%,18.13%,36.12,9.84,-3.43%,-4.00%,0.59%,"5,243,397"
51,52,VG,0.56,0.50,1.23%,9.90%,11.07%,-28.00%,136.84%,54.47,9.90,4.87%,3.77%,1.06%,"10,502,485"
52,53,OSUR,0.53,0.80,-16.52%,-26.92%,8.33%,-45.59%,90.06%,30.89,9.94,-2.74%,-3.12%,0.39%,"3,646,490"
53,54,TECK,1.49,0.68,-3.72%,8.91%,-23.61%,-57.08%,78.57%,50.48,10.00,-0.79%,-3.85%,3.17%,"3,629,085"
54,55,APLE,1.06,0.88,-9.86%,4.05%,-25.22%,-40.63%,123.66%,46.00,10.02,-4.75%,-5.56%,0.86%,"6,767,571"
55,56,CTL,0.98,0.46,-1.49%,0.48%,-16.24%,-33.66%,24.39%,49.63,10.15,0.00%,-1.74%,1.77%,"25,763,530"
56,57,LAUR,0.75,0.60,-2.08%,5.83%,-31.89%,-53.09%,39.18%,51.73,10.16,0.79%,0.10%,0.69%,"1,182,970"
57,58,GGAL,1.47,0.84,3.43%,21.31%,-11.75%,-73.94%,80.57%,55.45,10.22,9.54%,6.57%,2.79%,"3,026,027"
58,59,PCG,1.14,0.67,-11.60%,-10.04%,-6.61%,-59.43%,187.89%,35.69,10.22,-5.37%,-6.15%,0.83%,"18,270,139"
59,60,CIM,0.91,0.62,5.72%,21.16%,-38.01%,-55.36%,59.81%,57.20,10.26,-4.20%,-2.56%,-1.68%,"7,299,178"
60,61,NWBI,0.61,0.54,-0.09%,0.14%,-27.84%,-41.94%,20.89%,50.66,10.30,0.10%,-2.00%,2.14%,"3,357,221"
61,62,CCJ,0.91,0.41,-0.47%,1.73%,12.84%,-8.44%,94.49%,52.18,10.31,-0.19%,-1.72%,1.55%,"3,586,193"
62,63,BDN,1.00,0.65,-2.41%,0.44%,-22.89%,-36.25%,38.50%,49.10,10.36,-1.15%,-2.17%,1.05%,"4,903,145"
63,64,UE,1.47,0.79,-3.51%,5.83%,-34.06%,-51.10%,52.29%,49.67,10.63,-2.21%,-3.89%,1.75%,"4,200,133"
64,65,ANF,1.39,0.96,-13.10%,-5.00%,-25.64%,-44.47%,43.63%,43.67,10.65,-7.07%,-9.13%,2.27%,"3,578,830"
65,66,GPS,1.43,1.06,0.24%,19.63%,-24.46%,-46.32%,102.66%,53.52,10.66,-2.29%,-4.57%,2.38%,"17,106,350"
66,67,LXP,0.70,0.41,5.10%,6.26%,2.31%,-9.69%,35.75%,56.96,10.67,-2.91%,-3.61%,0.73%,"16,789,623"
67,68,FULT,0.99,0.70,-4.63%,-2.02%,-27.29%,-40.44%,20.31%,48.05,10.72,-1.11%,-2.72%,1.66%,"2,347,089"
68,69,DENN,1.39,1.03,-8.83%,2.51%,-36.00%,-54.86%,139.56%,45.97,10.78,-4.18%,-6.34%,2.31%,"1,472,855"
69,70,SBS,1.18,0.63,6.54%,28.67%,-4.23%,-27.55%,101.38%,60.95,10.79,1.98%,-1.19%,3.21%,"2,092,572"
70,71,TGNA,1.37,0.60,-7.10%,-1.93%,-24.28%,-40.14%,14.05%,44.40,10.96,-2.84%,-3.94%,1.15%,"2,886,431"
71,72,IVZ,1.40,0.69,16.44%,27.03%,-21.70%,-47.43%,73.96%,62.90,11.09,-2.12%,-3.90%,1.85%,"18,400,559"
72,73,ROIC,1.29,0.88,0.27%,15.16%,-24.45%,-41.94%,90.66%,53.08,11.14,-3.51%,-3.68%,0.17%,"2,940,431"
73,74,PBYI,1.20,0.94,6.80%,7.11%,18.20%,-24.67%,105.45%,55.42,11.30,11.44%,11.55%,-0.10%,"2,632,535"
74,75,RCM,0.52,0.63,-0.37%,9.39%,1.35%,-19.12%,58.92%,52.59,11.31,-1.18%,-2.46%,1.31%,"1,165,232"
75,76,UMPQ,1.25,0.71,-4.46%,0.18%,-23.21%,-40.05%,27.87%,48.22,11.35,-2.62%,-3.85%,1.29%,"5,694,461"
76,77,JBLU,1.35,1.11,-2.09%,15.47%,-25.77%,-47.34%,72.47%,51.57,11.40,-5.32%,-6.79%,1.58%,"20,106,914"
77,78,AEO,1.13,0.86,3.19%,23.40%,-10.68%,-37.33%,76.59%,56.90,11.54,-6.48%,-8.49%,2.19%,"12,967,500"
78,79,HST,1.29,0.83,-7.63%,-0.25%,-22.19%,-38.09%,48.57%,45.58,11.67,-4.34%,-5.74%,1.48%,"24,667,220"
79,80,VGR,1.02,0.50,0.68%,7.25%,-1.18%,-18.38%,48.61%,55.22,11.77,-1.18%,-2.08%,0.92%,"2,500,812"
80,81,GEO,1.04,0.85,-7.55%,-4.32%,-19.28%,-50.68%,18.89%,44.77,11.83,-2.23%,-3.27%,1.07%,"3,982,027"
81,82,NWSA,1.44,0.50,-2.71%,10.58%,-4.76%,-21.30%,50.13%,53.39,11.86,-0.59%,-2.15%,1.59%,"4,687,870"
82,83,PBCT,1.24,0.67,-1.71%,1.50%,-17.70%,-30.49%,27.75%,49.81,11.97,0.00%,-1.72%,1.75%,"11,058,628"
83,84,SBH,1.25,0.95,-13.03%,7.93%,-14.47%,-45.54%,90.61%,43.54,11.97,-7.42%,-7.99%,0.62%,"3,637,956"
84,85,MYGN,1.33,1.02,-16.96%,-18.32%,-45.40%,-75.23%,29.76%,36.79,11.99,-7.20%,-8.12%,1.01%,"4,188,611"
85,86,RAD,0.87,0.88,-6.75%,-7.40%,4.72%,-48.03%,146.23%,43.40,12.41,-1.59%,-2.44%,0.87%,"4,428,251"
86,87,BRX,1.38,1.01,-2.80%,11.59%,-26.89%,-44.33%,68.58%,51.36,12.66,-2.47%,-3.51%,1.08%,"9,269,291"
87,88,KIM,1.17,0.99,-3.40%,14.23%,-24.90%,-41.81%,70.74%,51.67,12.72,-4.58%,-6.54%,2.10%,"12,092,424"
88,89,FEYE,1.06,0.65,1.95%,10.07%,-8.62%,-29.93%,70.42%,55.54,12.85,3.13%,-0.85%,4.01%,"11,011,051"
89,90,OLN,1.39,0.86,-0.53%,-0.77%,-18.04%,-41.77%,47.03%,49.07,12.88,1.82%,-0.08%,1.90%,"9,797,028"
90,91,EQT,1.31,0.96,-9.63%,-5.91%,28.43%,-24.71%,206.89%,41.09,12.92,-5.56%,-6.10%,0.58%,"14,569,186"
91,92,COOP,1.17,0.84,9.72%,31.02%,17.32%,-10.90%,203.48%,64.50,13.08,-0.98%,-1.95%,0.98%,"811,793"
92,93,AKR,1.07,1.05,-3.38%,6.29%,-39.27%,-55.02%,38.57%,49.94,13.29,-3.97%,-5.68%,1.81%,"2,345,910"
93,94,AES,0.96,0.73,1.35%,2.41%,-18.50%,-37.16%,64.49%,52.03,13.34,-0.74%,-2.70%,2.01%,"11,366,491"
94,95,TS,1.40,0.62,-3.06%,1.03%,-26.64%,-51.38%,47.47%,47.56,13.42,-2.54%,-4.21%,1.74%,"2,491,187"
95,96,TPR,1.34,1.10,-9.82%,-7.09%,-38.26%,-58.29%,32.91%,44.73,13.53,-3.22%,-7.27%,4.36%,"9,417,658"
96,97,TSU,1.06,0.64,1.49%,9.43%,-11.17%,-33.32%,31.75%,53.32,13.55,-0.22%,-1.02%,0.81%,"1,181,856"
97,98,CXP,1.16,0.82,-2.37%,2.37%,-24.41%,-39.98%,78.64%,49.81,13.63,-2.01%,-2.71%,0.72%,"3,635,864"
98,99,GPK,1.29,0.55,-2.86%,2.43%,-5.24%,-17.99%,33.59%,48.75,13.90,-0.64%,-2.11%,1.50%,"4,521,069"
99,100,PRMW,1.20,0.55,13.25%,28.37%,11.98%,-11.87%,122.75%,76.10,14.10,2.92%,1.73%,1.17%,"4,531,820"
100,101,ASB,1.28,0.92,-3.76%,3.68%,-20.83%,-37.08%,39.00%,49.85,14.22,-2.07%,-3.20%,1.17%,"2,763,512"
101,102,SEM,1.44,1.04,-13.28%,-9.78%,-25.43%,-50.19%,42.50%,39.96,14.25,-1.99%,-3.39%,1.44%,"1,291,804"
102,103,INO,1.42,1.22,6.06%,17.26%,143.62%,-26.29%,645.17%,55.88,14.27,-0.49%,-1.11%,0.63%,"17,917,203"
103,104,SBRA,1.35,1.01,-2.26%,8.47%,-22.21%,-42.05%,160.78%,50.49,14.46,-5.49%,-4.37%,-1.18%,"4,576,194"
104,105,LB,1.24,1.38,-12.97%,4.11%,-16.41%,-48.31%,81.00%,46.10,14.48,-7.30%,-8.93%,1.79%,"10,327,820"
105,106,NLSN,1.20,0.81,-2.59%,4.78%,-19.16%,-40.30%,26.85%,50.93,14.74,-2.32%,-4.41%,2.19%,"6,217,348"
106,107,STNG,1.02,1.17,-12.72%,-21.52%,-43.29%,-63.19%,20.57%,36.12,14.89,-1.97%,-0.93%,-1.05%,"2,399,206"
107,108,GIL,1.31,0.90,-3.20%,0.97%,-38.38%,-62.87%,59.24%,47.09,15.00,-5.00%,-6.37%,1.46%,"1,163,641"
108,109,EGHT,0.98,1.09,1.51%,-5.95%,-17.63%,-43.19%,41.59%,49.16,15.15,-1.11%,-1.37%,0.26%,"3,660,238"
109,110,STWD,1.42,0.97,2.03%,12.47%,-26.10%,-42.27%,100.26%,54.88,15.20,-2.56%,-3.06%,0.51%,"6,293,312"
110,111,FOLD,1.35,0.97,22.87%,27.67%,52.77%,8.85%,144.00%,68.72,15.25,8.85%,8.85%,0.00%,"7,319,033"
111,112,JEF,1.43,0.80,0.70%,9.52%,-15.42%,-36.37%,36.52%,55.17,15.29,-0.65%,-1.80%,1.17%,"5,249,155"
112,113,CZZ,1.37,0.94,7.30%,18.31%,-7.55%,-35.44%,78.74%,58.34,15.30,-0.78%,-2.55%,1.82%,"1,143,886"
113,114,KAR,1.45,0.98,1.78%,10.49%,-21.60%,-46.42%,62.91%,54.83,15.33,-2.85%,-4.01%,1.20%,"3,100,489"
114,115,MAXR,1.15,1.30,0.25%,22.19%,24.23%,-28.48%,153.14%,55.20,15.34,2.20%,0.59%,1.60%,"3,312,957"
115,116,CNO,1.32,0.90,1.97%,11.31%,-2.57%,-26.66%,74.63%,55.43,15.35,-0.97%,-2.60%,1.68%,"3,450,174"
116,117,KMI,1.01,0.63,-3.39%,0.89%,-16.17%,-31.27%,64.76%,46.95,15.52,-1.59%,-3.84%,2.35%,"23,768,017"
117,118,HRB,0.81,1.04,-11.49%,-3.28%,-24.52%,-46.89%,39.33%,41.45,15.73,-3.91%,-5.64%,1.83%,"7,220,754"
118,119,OUT,1.49,1.42,1.05%,11.14%,-28.94%,-48.65%,126.59%,53.71,16.02,4.30%,2.56%,1.69%,"4,395,443"
119,120,UNFI,1.43,2.05,-11.38%,8.89%,62.52%,-29.47%,229.80%,46.75,16.49,-0.96%,-1.32%,0.36%,"2,288,863"
120,121,PMT,1.03,1.20,19.80%,44.45%,-10.03%,-29.84%,376.86%,69.02,16.69,1.40%,0.18%,1.22%,"2,824,045"
121,122,HPQ,0.96,0.86,0.92%,6.00%,-9.04%,-29.88%,33.81%,53.00,16.78,-0.83%,-2.67%,1.89%,"29,454,681"
122,123,URBN,1.27,1.43,-8.05%,-3.90%,-27.19%,-46.13%,37.79%,45.70,16.92,-5.74%,-7.54%,1.95%,"2,468,001"
123,124,SU,1.41,1.01,-7.62%,-0.80%,-33.85%,-50.67%,77.51%,44.49,17.05,-2.29%,-5.28%,3.15%,"7,066,252"
124,125,IPG,1.06,0.96,-4.52%,2.60%,-15.18%,-32.30%,46.69%,48.94,17.06,-2.79%,-5.01%,2.34%,"10,727,190"
125,126,JWN,1.40,1.81,-8.38%,-5.89%,-43.47%,-60.64%,39.12%,46.51,17.07,-6.31%,-8.42%,2.31%,"29,536,356"
126,127,PTGX,1.40,1.20,7.15%,41.53%,72.64%,-6.74%,290.16%,66.79,17.44,-1.64%,-2.84%,1.24%,"643,646"
127,128,MD,1.42,1.20,2.59%,18.45%,-14.40%,-38.59%,138.81%,56.34,17.60,-3.46%,-4.71%,1.32%,"1,270,426"
128,129,SWBI,0.63,1.30,21.47%,55.28%,96.06%,-10.38%,227.17%,69.27,17.70,-5.45%,-1.39%,-4.11%,"6,013,296"
129,130,CNP,0.96,0.75,-1.37%,2.54%,-23.77%,-42.07%,53.63%,49.79,17.79,-3.05%,-4.61%,1.63%,"21,448,896"
130,131,DOC,0.81,0.76,0.24%,8.71%,0.95%,-14.20%,61.94%,54.21,17.83,-2.89%,-3.93%,1.09%,"6,156,872"
131,132,FHB,1.33,1.02,-0.43%,6.18%,-25.19%,-42.59%,32.35%,52.24,17.94,0.45%,-1.27%,1.74%,"1,999,662"
132,133,AIMT,0.94,1.17,1.96%,5.40%,-23.27%,-51.08%,79.39%,52.47,18.10,-4.74%,-5.24%,0.53%,"3,982,979"
133,134,TRIP,1.32,1.68,-15.19%,-6.59%,-31.47%,-57.85%,32.39%,42.80,18.17,-4.17%,-5.51%,1.42%,"6,529,703"
134,135,ALKS,1.47,0.83,9.25%,14.91%,0.57%,-27.61%,53.17%,63.31,18.35,3.38%,2.17%,1.18%,"1,899,190"
135,136,WRI,1.36,1.31,-7.22%,4.56%,-27.19%,-42.46%,51.60%,47.83,18.51,-3.94%,-3.79%,-0.16%,"3,283,565"
136,137,SAVE,1.23,2.36,9.14%,34.09%,-36.16%,-65.93%,168.33%,55.28,18.81,-5.48%,-7.02%,1.66%,"28,390,560"
137,138,SC,1.25,1.17,1.63%,16.73%,-12.48%,-32.14%,93.33%,56.42,18.83,-1.47%,-3.68%,2.30%,"1,571,630"
138,139,SSRM,0.97,1.11,-0.44%,4.47%,15.53%,-15.94%,110.11%,51.52,18.91,5.23%,3.45%,1.73%,"2,661,491"
139,140,SBGI,1.32,1.64,-5.44%,8.58%,-33.92%,-67.99%,80.33%,49.98,19.07,-2.65%,-4.22%,1.63%,"2,180,676"
140,141,EPD,1.38,0.93,-3.69%,5.32%,-18.73%,-38.12%,85.98%,49.09,19.10,-0.47%,-2.85%,2.45%,"6,794,730"
141,142,USFD,1.38,1.56,-6.67%,-0.92%,-40.76%,-55.45%,130.77%,46.12,19.20,-3.95%,-5.28%,1.40%,"3,827,530"
142,143,MPW,0.66,0.86,0.51%,8.28%,-1.83%,-20.75%,55.87%,54.43,19.25,-1.94%,-3.17%,1.27%,"9,993,349"
143,144,BHC,1.26,1.13,4.18%,10.13%,-13.84%,-38.76%,75.61%,57.08,19.58,-2.44%,-3.78%,1.40%,"5,159,729"
144,145,RUN,1.40,1.12,10.44%,31.07%,28.81%,-15.91%,153.92%,64.96,19.90,0.48%,-0.38%,0.86%,"2,706,925"
145,146,CMC,1.39,1.03,10.46%,20.59%,8.84%,-15.56%,88.66%,64.35,20.30,-1.02%,-2.50%,1.51%,"2,491,798"
146,147,TDC,1.03,1.02,-5.21%,-7.73%,-19.08%,-45.96%,15.38%,42.14,20.33,-1.02%,-2.21%,1.22%,"2,084,312"
147,148,BKU,1.27,1.46,3.65%,11.39%,-27.54%,-44.73%,54.27%,54.61,20.78,-1.80%,-4.02%,2.32%,"1,643,319"
148,149,MDU,0.80,1.07,-4.22%,-3.64%,-19.92%,-34.26%,41.20%,45.95,21.18,-1.26%,-2.49%,1.26%,"2,115,832"
149,150,VIPS,1.14,1.07,21.26%,25.72%,54.97%,0.76%,243.44%,70.72,21.19,2.47%,1.39%,1.06%,"9,951,993"
150,151,BEN,1.25,1.12,4.66%,16.85%,-7.15%,-38.64%,47.22%,58.48,21.95,-2.70%,-4.85%,2.26%,"13,753,838"
151,152,CAKE,1.39,2.07,-3.56%,7.49%,-31.14%,-49.77%,57.85%,49.15,22.92,-6.56%,-7.95%,1.51%,"10,175,473"
152,153,LBTYA,1.24,0.83,4.66%,11.34%,6.26%,-19.06%,52.05%,59.05,23.17,-2.30%,-2.71%,0.42%,"1,763,223"
153,154,DAR,1.25,1.18,0.38%,9.73%,5.30%,-18.94%,133.85%,55.41,23.97,0.50%,-0.62%,1.13%,"1,937,283"
154,155,KBR,1.25,1.19,-0.64%,12.32%,-3.92%,-23.65%,103.08%,54.05,24.37,-1.02%,-2.48%,1.50%,"1,897,255"
155,156,STOR,0.92,1.60,8.21%,23.63%,-22.23%,-40.19%,88.46%,60.30,24.50,-2.23%,-4.26%,2.11%,"12,054,122"
156,157,YELP,1.45,1.54,4.78%,12.81%,-16.20%,-37.08%,92.24%,57.03,24.77,-1.04%,-2.25%,1.24%,"1,827,774"
157,158,HOG,1.42,1.67,0.69%,13.38%,-18.60%,-39.30%,73.45%,55.15,24.82,-0.20%,-2.82%,2.69%,"30,692,402"
158,159,AGO,1.23,1.65,-9.73%,-11.22%,-37.83%,-51.01%,82.33%,41.83,24.87,-2.78%,-4.68%,1.99%,"1,466,674"
159,160,BXMT,1.28,1.52,-0.79%,7.11%,-21.48%,-38.43%,97.40%,52.54,25.01,-0.99%,-2.65%,1.70%,"2,952,764"
160,161,HPP,0.77,1.44,-2.67%,3.90%,-19.32%,-35.02%,56.26%,49.65,25.22,-3.30%,-4.61%,1.38%,"4,063,505"
161,162,PFGC,1.35,2.14,-4.54%,0.95%,-33.62%,-51.99%,253.04%,48.20,26.16,-2.24%,-3.58%,1.38%,"1,595,955"
162,163,PEAK,0.66,1.36,-2.56%,2.39%,-16.71%,-30.61%,41.28%,48.27,26.32,-6.00%,-7.71%,1.86%,"18,250,968"
163,164,IRM,0.67,1.10,-3.63%,3.48%,-11.89%,-23.63%,25.43%,46.66,26.34,-2.37%,-4.11%,1.82%,"10,080,657"
164,165,ACHC,1.40,1.67,-6.40%,3.05%,-7.75%,-25.25%,138.59%,48.05,26.46,-0.15%,-2.29%,2.19%,"1,034,776"
165,166,GM,1.41,1.47,-4.40%,7.96%,-15.20%,-36.54%,85.62%,49.80,26.59,-1.85%,-4.08%,2.33%,"27,804,198"
166,167,PAAS,1.38,1.58,-1.60%,12.53%,31.83%,-12.42%,152.50%,53.20,26.79,3.28%,0.79%,2.47%,"3,638,296"
167,168,AVT,1.33,1.37,-5.03%,-4.02%,-24.34%,-41.98%,50.84%,45.13,26.92,-0.39%,-1.30%,0.92%,"1,195,245"
168,169,SPR,1.43,2.69,0.67%,19.40%,-52.89%,-70.74%,98.39%,52.81,27.16,-2.44%,-4.43%,2.08%,"5,760,156"
169,170,STLD,1.45,1.33,-0.09%,8.27%,-4.25%,-24.07%,81.38%,53.66,27.17,1.49%,-0.80%,2.32%,"4,270,886"
170,171,HTA,0.59,1.08,-0.08%,6.00%,-4.87%,-20.34%,32.27%,52.96,27.26,-3.91%,-4.12%,0.21%,"10,657,832"
171,172,WFC,1.15,1.66,-2.11%,0.44%,-34.48%,-49.59%,25.45%,49.12,27.60,0.18%,-1.50%,1.71%,"71,845,851"
172,173,INVH,0.89,1.16,1.52%,10.95%,-0.18%,-14.86%,78.01%,57.04,27.84,-1.80%,-2.52%,0.74%,"11,673,790"
173,174,FL,1.31,2.10,-6.91%,5.67%,-19.82%,-41.31%,60.88%,47.80,28.09,-3.97%,-5.74%,1.88%,"4,241,629"
174,175,MGP,0.77,1.36,-0.76%,9.49%,-1.16%,-17.84%,147.07%,54.29,28.24,-1.77%,-2.62%,0.87%,"1,024,664"
175,176,NEO,0.76,1.31,3.30%,2.22%,6.79%,-18.92%,53.08%,53.87,28.35,0.43%,-0.39%,0.81%,"2,009,512"
176,177,STAG,1.13,1.14,4.73%,10.67%,1.14%,-13.08%,65.91%,59.45,29.10,-2.74%,-3.99%,1.30%,"6,061,315"
177,178,ACGL,0.76,1.68,-5.25%,6.35%,-21.38%,-39.30%,40.13%,48.41,29.33,-3.99%,-5.90%,2.03%,"5,111,601"
178,179,DAL,1.22,2.55,1.77%,16.94%,-35.50%,-53.48%,68.53%,53.44,29.51,-4.16%,-6.35%,2.34%,"47,897,698"
179,180,OHI,0.85,1.88,-7.13%,-1.69%,-20.93%,-34.63%,121.76%,44.19,29.56,-8.48%,-9.13%,0.71%,"12,031,023"
180,181,CF,1.11,1.41,-0.98%,4.51%,-23.38%,-45.80%,51.50%,51.71,29.89,-0.33%,-2.73%,2.47%,"2,916,297"
181,182,IOVA,1.14,2.25,-8.44%,-11.66%,12.60%,-27.74%,69.67%,37.90,29.98,0.12%,2.53%,-2.35%,"3,735,153"
182,183,DEI,0.72,1.52,-2.78%,0.54%,-20.76%,-33.69%,30.53%,48.02,30.23,-1.91%,-4.00%,2.17%,"3,806,302"
183,184,OGE,0.72,1.31,-4.31%,-2.21%,-21.88%,-34.22%,32.75%,44.60,30.54,-1.42%,-2.08%,0.68%,"2,970,617"
184,185,CUZ,0.96,1.66,-4.91%,1.87%,-14.06%,-28.50%,45.34%,47.34,30.74,-2.13%,-1.09%,-1.05%,"3,292,089"
185,186,SKX,1.22,1.83,-5.24%,7.55%,-9.82%,-30.09%,82.36%,49.10,31.11,-4.37%,-5.81%,1.54%,"2,184,499"
186,187,AIG,1.45,2.08,-3.09%,12.67%,-26.37%,-45.77%,97.95%,51.90,31.81,-2.03%,-4.65%,2.74%,"7,702,647"
187,188,UGI,0.95,1.56,-2.12%,5.25%,-18.36%,-40.68%,47.95%,50.86,32.18,-0.98%,-1.71%,0.74%,"1,787,285"
188,189,ATH,1.35,2.35,5.82%,19.60%,-11.72%,-33.93%,149.21%,57.29,33.32,-3.34%,-6.22%,3.08%,"3,580,558"
189,190,JBL,1.22,1.56,5.23%,16.59%,-1.17%,-24.19%,90.07%,60.78,33.51,2.20%,-3.29%,5.67%,"4,009,910"
190,191,JCI,1.05,1.28,2.64%,11.88%,-8.54%,-23.43%,50.69%,58.20,34.32,-1.12%,-2.25%,1.15%,"11,215,444"
191,192,LUV,1.23,2.64,-1.25%,9.73%,-26.39%,-41.27%,53.79%,51.53,34.55,-3.63%,-5.52%,2.01%,"20,374,944"
192,193,PHM,1.35,1.94,-1.20%,14.30%,-3.33%,-26.81%,102.51%,54.90,34.67,-2.64%,-5.01%,2.50%,"4,741,982"
193,194,L,0.75,1.71,0.36%,3.22%,-22.53%,-38.94%,27.10%,51.92,34.73,2.51%,0.29%,2.21%,"4,982,840"
194,195,HDS,1.16,1.61,2.71%,12.66%,-4.46%,-19.49%,60.53%,58.42,34.82,-1.02%,-2.55%,1.56%,"3,001,918"
195,196,RHP,1.43,3.67,-6.71%,6.49%,-46.50%,-61.58%,165.51%,48.61,35.18,-3.62%,-4.82%,1.26%,"2,266,017"
196,197,TWOU,0.79,2.17,2.05%,19.41%,52.70%,-12.50%,212.05%,61.58,35.48,0.20%,-1.11%,1.33%,"4,133,139"
197,198,LSXMA,1.31,1.76,-2.56%,6.35%,-12.29%,-28.94%,61.13%,50.99,35.69,-3.57%,-4.83%,1.32%,"1,114,004"
198,199,SRC,1.06,2.44,6.12%,18.57%,-16.11%,-34.60%,94.50%,56.78,35.73,-3.95%,-4.67%,0.75%,"4,875,454"
199,200,VTR,1.07,2.66,-7.72%,7.01%,-30.31%,-52.52%,168.27%,47.34,35.80,-9.02%,-8.21%,-0.89%,"15,068,995"
200,201,NNN,0.58,2.14,1.27%,9.70%,-24.50%,-39.52%,49.08%,53.82,35.84,-3.45%,-5.06%,1.70%,"7,989,506"
201,202,ESNT,1.49,2.51,1.13%,18.55%,-16.73%,-35.42%,105.82%,55.32,36.06,-1.39%,-2.65%,1.29%,"1,791,160"
202,203,LPSN,1.28,1.85,1.03%,17.53%,6.07%,-20.15%,156.39%,57.89,36.10,-2.19%,-3.60%,1.46%,"879,995"
203,204,ALK,1.49,3.52,-4.71%,11.13%,-32.38%,-49.75%,81.27%,50.21,36.29,-3.10%,-5.32%,2.35%,"3,868,758"
204,205,AFL,0.89,1.67,-2.45%,0.42%,-20.48%,-35.99%,58.65%,48.51,36.60,-1.37%,-3.51%,2.21%,"7,617,140"
205,206,ACC,1.02,1.91,1.91%,9.66%,-12.34%,-28.09%,81.97%,54.96,36.63,-1.37%,-2.61%,1.27%,"4,818,194"
206,207,SCHW,1.25,1.73,-1.84%,1.33%,-10.57%,-29.00%,30.96%,48.77,36.67,-0.57%,-2.63%,2.11%,"14,817,169"
207,208,EPR,1.46,2.93,1.09%,22.74%,-35.31%,-54.04%,192.08%,55.86,36.68,-2.32%,-2.96%,0.67%,"3,927,964"
208,209,UAL,1.42,4.11,4.25%,23.74%,-43.89%,-61.64%,106.97%,53.65,36.84,-6.35%,-7.90%,1.68%,"100,445,970"
209,210,MET,1.34,1.95,-0.90%,6.21%,-13.59%,-29.95%,63.33%,51.96,37.32,-2.07%,-4.45%,2.49%,"16,562,642"
210,211,GLPI,1.01,2.03,2.60%,22.90%,1.40%,-24.53%,195.12%,61.82,38.00,0.90%,-1.99%,2.95%,"3,577,214"
211,212,AN,1.47,2.21,-6.59%,2.60%,-12.96%,-28.52%,84.65%,48.15,38.02,-3.33%,-4.40%,1.12%,"1,120,410"
212,213,TAP,0.87,1.73,-2.99%,-5.81%,-22.94%,-38.60%,11.82%,45.28,38.03,-2.69%,-3.94%,1.31%,"3,867,554"
213,214,AIV,0.84,1.80,-2.52%,1.42%,-18.81%,-31.48%,55.52%,47.66,38.15,-2.10%,-3.52%,1.46%,"3,560,948"
214,215,CCEP,0.58,1.70,-2.11%,-2.30%,-19.91%,-34.73%,35.70%,47.52,38.47,-3.34%,-4.02%,0.70%,"3,017,287"
215,216,HIW,1.00,1.96,-3.22%,2.73%,-11.11%,-26.84%,53.78%,48.66,38.60,-1.53%,-2.92%,1.43%,"2,552,491"
216,217,BPOP,1.27,2.11,-3.08%,2.91%,-20.39%,-37.04%,63.32%,50.51,38.69,-0.67%,-2.40%,1.77%,"1,237,169"
217,218,PWR,1.13,1.64,0.68%,8.89%,2.43%,-12.20%,62.85%,55.04,38.71,0.91%,-1.02%,1.96%,"1,989,439"
218,219,USB,1.17,2.04,2.35%,9.15%,-19.72%,-36.39%,37.06%,55.05,38.87,0.78%,-1.24%,2.05%,"42,483,547"
219,220,VNO,1.36,2.44,-2.02%,-0.70%,-27.89%,-42.99%,41.64%,48.84,39.15,-2.22%,-3.83%,1.67%,"4,175,034"
220,221,TFC,1.45,2.31,-0.45%,8.13%,-15.82%,-30.89%,63.85%,51.67,39.34,-2.86%,-5.09%,2.35%,"13,363,240"
221,222,AMTD,1.20,1.90,-0.53%,4.14%,-6.64%,-26.82%,42.64%,50.70,39.51,-0.58%,-1.96%,1.41%,"6,045,045"
222,223,HIG,0.96,2.18,-2.50%,4.01%,-22.42%,-36.29%,109.98%,50.09,39.98,-2.98%,-5.35%,2.50%,"9,044,566"
223,224,WPM,0.52,1.92,3.16%,4.98%,35.10%,-11.09%,124.65%,56.01,41.92,6.86%,5.62%,1.17%,"5,793,296"
224,225,WERN,0.86,1.74,-2.24%,1.40%,12.70%,-10.22%,46.81%,49.90,42.15,-3.01%,-4.31%,1.36%,"1,737,208"
225,226,KNX,1.38,1.44,4.58%,10.25%,15.60%,-1.93%,53.09%,64.40,42.16,-0.54%,-1.50%,0.97%,"3,432,421"
226,227,NUE,1.45,1.86,-0.41%,5.08%,-9.55%,-27.26%,55.13%,52.89,42.70,-1.88%,-3.35%,1.52%,"2,857,720"
227,228,NTAP,1.28,1.97,-1.50%,1.73%,-14.67%,-32.58%,27.18%,50.91,44.08,3.01%,2.11%,0.89%,"6,237,372"
228,229,WBA,0.56,1.75,3.14%,3.76%,-13.55%,-31.58%,20.41%,55.74,44.13,5.12%,3.88%,1.19%,"13,677,720"
229,230,MMP,1.07,2.04,-2.54%,3.53%,-18.67%,-34.64%,101.09%,49.53,44.28,-1.09%,-3.13%,2.10%,"1,844,034"
230,231,HXL,1.20,3.21,8.76%,28.65%,-28.33%,-49.00%,80.81%,61.40,44.37,-2.65%,-4.31%,1.73%,"12,917,594"
231,232,REG,0.94,2.97,-4.87%,4.94%,-21.43%,-36.37%,40.36%,49.11,44.63,-3.91%,-6.82%,3.12%,"3,414,806"
232,233,MTZ,1.45,2.67,7.25%,19.26%,-15.77%,-39.29%,98.80%,59.63,44.75,4.29%,2.68%,1.56%,"2,090,476"
233,234,XOM,1.33,2.25,-4.01%,1.49%,-21.24%,-40.99%,52.71%,47.39,45.98,-2.00%,-4.72%,2.86%,"48,867,926"
234,235,NTRA,1.38,2.30,7.61%,15.44%,28.97%,-5.59%,175.46%,63.24,46.47,1.04%,1.68%,-0.63%,"1,421,145"
235,236,LYV,1.12,3.31,-8.07%,4.56%,-21.68%,-39.28%,114.33%,47.08,46.51,-3.75%,-5.62%,1.99%,"4,035,626"
236,237,VOYA,1.41,2.02,-1.85%,4.05%,-10.89%,-27.10%,56.37%,50.37,46.52,-0.89%,-3.16%,2.34%,"2,621,389"
237,238,ENPH,1.10,5.35,-11.92%,-5.91%,35.39%,-33.60%,189.29%,45.84,46.72,2.19%,-0.19%,2.38%,"16,117,076"
238,239,MS,1.48,2.12,1.32%,12.16%,3.84%,-18.48%,72.54%,55.74,46.93,-1.37%,-3.59%,2.31%,"20,831,710"
239,240,ETFC,1.25,2.19,1.58%,12.82%,13.77%,-15.48%,88.00%,56.21,48.43,-1.22%,-3.28%,2.12%,"3,809,334"
240,241,IIVI,1.30,2.70,3.07%,24.43%,42.56%,-3.76%,158.68%,60.33,49.15,-2.05%,-3.63%,1.63%,"2,347,062"
241,242,CPA,1.46,3.95,-2.59%,5.73%,-39.87%,-57.93%,104.87%,47.98,49.17,-0.43%,-2.86%,2.51%,"683,009"
